subject,text,sentiment,priority,category
"Consulta sobre producto","Buenas tardes, estoy interesado en el modelo X200, ¿podrían facilitarme sus características técnicas detalladas? Gracias.","neutro","media","solicitud"
"Oferta limitada: Descuento 50%","Aprovecha nuestra promoción exclusiva, solo por hoy 50% de descuento en toda la tienda. ¡No pierdas esta oportunidad!","positivo","media","comercial"
"Error en factura","Hola, he recibido mi factura mensual y veo cargos que no reconozco. Solicito una revisión urgente del documento.","negativo","alta","queja"
"Confirmación de inscripción","Estimado usuario, confirmamos que tu inscripción al curso de marketing digital ha sido exitosa. ¡Bienvenido!","positivo","baja","otro"
"Agradecimiento por soporte","Muchas gracias al equipo técnico por la rápida solución al problema con mi cuenta. Estoy muy satisfecho con el servicio recibido.","positivo","baja","otro"
"Problemas con inicio de sesión","Llevo toda la mañana intentando acceder a mi cuenta y el sistema no me reconoce. Necesito ayuda urgente.","negativo","alta","queja"
"Actualización de datos personales","Hola, quisiera actualizar mi dirección postal en mi perfil. ¿Podrían indicarme cómo hacerlo? Gracias anticipadas.","neutro","media","solicitud"
"Invitación evento lanzamiento","Nos complace invitarte al evento exclusivo de lanzamiento de nuestro nuevo producto este próximo viernes. Confirma tu asistencia.","positivo","media","comercial"
"Consulta sobre disponibilidad","Buenos días, ¿tienen disponible el libro 'Marketing Estratégico' en versión digital? Agradecería una respuesta pronto.","neutro","media","solicitud"
"Calidad excepcional","El producto superó completamente mis expectativas, la calidad es excelente y llegó antes de tiempo. Muy recomendable.","positivo","baja","otro"
"Reclamación por servicio técnico","Es la tercera vez que solicito asistencia técnica y aún no han solucionado mi problema. Estoy muy decepcionado con el servicio.","negativo","alta","queja"
"Sorteo especial aniversario","Participa en nuestro sorteo aniversario y gana fabulosos premios. Inscripción gratuita solo esta semana.","positivo","media","comercial"
"Actualización términos del servicio","Informamos que nuestros términos y condiciones han cambiado. Por favor, revisa los detalles en el siguiente enlace.","neutro","baja","otro"
"Incidencia grave con el servicio de internet","Buenas tardes, llevo dos días sin servicio de internet en mi domicilio. He intentado contactar varias veces con atención al cliente pero no me dan una respuesta concreta ni una fecha aproximada de solución. Trabajo desde casa y necesito urgentemente la conexión restablecida. Espero su respuesta inmediata y una solución real. Gracias.","negativo","alta","queja"
"Agradecimiento por excelente atención","Quisiera expresar mi más sincero agradecimiento al equipo de atención al cliente, especialmente a Lucía, quien me atendió ayer de forma rápida, amable y eficaz. Lograron resolver mi inconveniente en pocos minutos, algo que realmente valoro. Seguiré recomendando sus servicios sin duda alguna.","positivo","baja","otro"
"Promoción especial para clientes preferentes","Estimado cliente, debido a tu fidelidad queremos ofrecerte una promoción exclusiva: un 20% de descuento adicional sobre todos los productos de nuestra nueva colección. Esta promoción estará vigente únicamente durante esta semana. Aprovecha y visita nuestra web o cualquiera de nuestras tiendas físicas para hacer válida esta oferta especial.","positivo","media","comercial"
"Queja por retraso continuo en la entrega","Buenos días, llevo tres pedidos consecutivos con retrasos significativos. En cada ocasión he recibido explicaciones vagas y sin compromiso firme de solución. Mi último pedido tenía fecha de entrega para ayer y aún no ha llegado, causando inconvenientes graves en mis actividades. Exijo una solución inmediata y compensación por los inconvenientes generados.","negativo","alta","queja"
"Felicidades por la rápida gestión de incidencia","Buenos días, ayer reporté un problema con mi dispositivo y apenas unas horas después vuestro equipo técnico ya lo había solucionado completamente. Estoy impresionado por la velocidad y eficiencia del servicio técnico prestado. Muchas gracias por la excelente atención y el trato recibido.","positivo","baja","otro"
"Invitación exclusiva a nuestro programa VIP","¡Felicidades! Has sido seleccionado para unirte a nuestro programa exclusivo de clientes VIP. Disfruta desde ahora mismo de beneficios exclusivos como envíos gratuitos, descuentos especiales y acceso anticipado a nuestras novedades. Haz clic en el enlace para activar tu membresía VIP hoy mismo.","positivo","media","comercial"
"Reporte de error crítico en aplicación móvil","Hola equipo de soporte, la última actualización de vuestra aplicación móvil presenta un error crítico que impide el acceso a varias funciones importantes, lo que está afectando directamente a mi experiencia de usuario y a mis operaciones diarias. Necesito que solucionen este problema con la mayor brevedad posible. Gracias anticipadas por la atención.","negativo","alta","queja"
"Queja formal sobre atención recibida en tienda","Estimados señores, escribo para expresar mi descontento por la atención recibida en vuestra tienda ubicada en la calle Mayor el día de ayer. El empleado a cargo mostró una actitud poco profesional y descortés cuando solicité información sobre un producto específico. Considero que este trato no es representativo del estándar que habitualmente ofrecen. Espero que tomen medidas para evitar situaciones similares en el futuro. Quedo pendiente de su respuesta.","negativo","media","queja"
"Agradecimiento especial al servicio postventa","Quiero felicitar al equipo del servicio postventa, especialmente a Javier, quien ha gestionado eficazmente la garantía de mi producto en tiempo récord. No esperaba una solución tan ágil y efectiva. Es un placer saber que puedo confiar plenamente en vuestro servicio. Muchas gracias y felicidades por vuestra profesionalidad.","positivo","baja","otro"
"Consulta urgente sobre estado de solicitud","Hola, hace más de una semana envié la documentación requerida para la aprobación de mi crédito personal. Hasta ahora no he recibido respuesta sobre el estado de mi solicitud y me urge contar con esta información cuanto antes debido a plazos personales importantes. Por favor, solicito me indiquen claramente en qué etapa se encuentra mi trámite. Muchas gracias por vuestra pronta atención.","neutro","alta","solicitud"
"Recordatorio de renovación de suscripción anual","Estimado cliente, le recordamos que su suscripción anual expira la próxima semana. Para seguir disfrutando de nuestros servicios sin interrupciones, por favor renueve su suscripción antes de la fecha indicada. Puede realizar el pago directamente desde su área de usuario o contactar con nuestro equipo para recibir asistencia personalizada. Quedamos a su disposición.","neutro","media","comercial"
"Fallo recurrente en aplicación bancaria móvil","Llevo días experimentando problemas recurrentes con la aplicación móvil de vuestro banco. La aplicación se cierra inesperadamente cada vez que intento realizar transferencias o consultar movimientos recientes. Este problema está perjudicando gravemente mis operaciones bancarias habituales. Solicito una solución urgente, ya que necesito acceder constantemente a mi cuenta para gestiones personales.","negativo","alta","queja"
"Confirmación de asistencia al taller de fotografía","Estimado equipo organizador, confirmo mi asistencia al taller de fotografía del próximo sábado. Estoy muy entusiasmado por la oportunidad de aprender técnicas avanzadas con profesionales reconocidos. Quisiera también saber si debo llevar algún material específico o equipo fotográfico adicional. Gracias y quedo a la espera de su respuesta.","positivo","baja","otro"
"Promoción especial: Semana del libro","Durante toda esta semana disfruta de descuentos especiales en nuestro catálogo de libros digitales y físicos. Por cada compra superior a 20€ recibirás un ejemplar adicional de regalo. No dejes pasar esta fantástica oportunidad para ampliar tu biblioteca personal. Visítanos en nuestra web o en tu tienda más cercana.","positivo","media","comercial"
"Problema con pedido incompleto","Estimados señores, hoy recibí mi pedido número #15689 y observé que falta uno de los productos solicitados. He revisado cuidadosamente el paquete y definitivamente el artículo no está incluido. Solicito la revisión inmediata de mi caso y la reposición urgente del producto faltante o la devolución del importe correspondiente. Espero su pronta respuesta.","negativo","alta","queja"
"Sugerencia de mejora en la página web","Buenas tardes, navegando por vuestra página web he notado que es complicado encontrar información específica sobre los productos más vendidos. Creo que añadir una sección destacada podría mejorar notablemente la experiencia de usuario. Espero que consideren esta sugerencia para futuras actualizaciones. Muchas gracias por vuestra atención.","neutro","baja","otro"
"Retraso considerable en devolución de dinero","He solicitado hace más de 15 días una devolución de dinero correspondiente a un pedido cancelado. Hasta ahora no he recibido ninguna comunicación concreta sobre cuándo se efectuará dicha devolución. Me parece inaceptable que se demore tanto tiempo una gestión aparentemente sencilla. Exijo que agilicen urgentemente el proceso.","negativo","alta","queja"
"Reconocimiento a vuestro equipo logístico","Solo quería tomar un momento para agradecer y reconocer públicamente al equipo logístico. Recibí mi pedido con anticipación y en perfectas condiciones, algo que me dejó muy satisfecho como cliente. Es muy grato poder confiar en vuestro servicio y eficiencia. ¡Sigan así!","positivo","baja","otro"
"Pedido de cotización urgente para material de oficina","Hola, necesito urgentemente que me envíen una cotización para la compra masiva de material de oficina, específicamente 200 unidades de carpetas archivadoras, papel A4, bolígrafos y material básico de papelería. Es indispensable recibir esta información hoy mismo para la aprobación interna. Quedo pendiente de su pronta respuesta.","neutro","alta","solicitud"
"Gran liquidación de stock por cierre de tienda","Debido al próximo cierre de nuestra sucursal, estamos ofreciendo hasta un 70% de descuento en todos los artículos disponibles hasta agotar existencias. Ven rápido a aprovechar estas ofertas únicas que no volverán. Te esperamos en nuestra tienda física o visita nuestra web.","positivo","media","comercial"
"Queja por calidad insuficiente del servicio de limpieza","Estoy realmente insatisfecho con la calidad del servicio de limpieza contratado para nuestra oficina. Los últimos días hemos detectado que varias áreas no están siendo limpiadas adecuadamente, generando molestias entre el personal. Solicito revisen este problema lo antes posible para asegurar que el servicio sea satisfactorio.","negativo","media","queja"
"Agradecimiento por solución rápida y efectiva","Quiero agradecer profundamente al equipo de soporte técnico por la excelente gestión realizada ante mi problema técnico del pasado lunes. No solo respondieron rápidamente, sino que también ofrecieron una solución eficaz y fácil de implementar. Valoro muchísimo vuestro esfuerzo y dedicación.","positivo","baja","otro"
"Invitación a webinar gratuito sobre finanzas personales","Te invitamos cordialmente a nuestro webinar gratuito sobre estrategias para mejorar tus finanzas personales. Aprende a manejar mejor tu presupuesto y optimizar tus ahorros. El evento será el próximo jueves a las 18:00. Regístrate gratuitamente en nuestro sitio web para reservar tu lugar.","positivo","media","comercial"
"Consulta sobre retraso en entrega de documentación","Estimados, envié hace dos semanas la documentación requerida para tramitar mi seguro de salud y aún no he recibido confirmación ni seguimiento por vuestra parte. Necesito aclarar urgentemente si hay algún inconveniente o documento adicional que debo proporcionar. Agradeceré su pronta respuesta.","neutro","alta","solicitud"
"Aviso sobre cargos no autorizados","Buenas tardes, revisando mi última factura, observo cargos por servicios adicionales que jamás contraté ni autoricé. Solicito la inmediata revisión y eliminación de estos cargos y una explicación detallada de cómo ocurrió este error. Espero una rápida solución.","negativo","alta","queja"
"Felicitaciones por excelente evento","Quisiera felicitarles por el magnífico evento organizado ayer. Todo estuvo impecable, desde la puntualidad hasta la calidad de las presentaciones. Ha sido muy útil para mi formación profesional, y espero asistir a futuros eventos similares. ¡Sigan así!","positivo","baja","otro"
"Urgente: falla generalizada en plataforma web","Estimados señores, nuestra empresa lleva toda la mañana sin poder acceder a la plataforma digital debido a una caída generalizada del sistema. Este problema está afectando gravemente nuestras operaciones diarias. Exigimos una solución inmediata y comunicación constante sobre la situación.","negativo","alta","queja"
"Promoción exclusiva por cumpleaños","¡Feliz cumpleaños! Para celebrarlo contigo, te regalamos un 30% de descuento válido durante toda la semana en cualquiera de nuestros productos. No pierdas esta oportunidad especial para consentirte. Usa el código FELIZCUMPLE en tu próxima compra.","positivo","media","comercial"
"Problemas técnicos con mi cuenta premium","Hace días actualicé mi cuenta a la versión premium, sin embargo, todavía no puedo acceder a los beneficios prometidos. He intentado comunicarme varias veces con soporte técnico sin éxito. Por favor, solucionen este problema cuanto antes o cancelen y devuelvan el importe pagado.","negativo","alta","queja"
"Agradecimiento personal al departamento de ventas","Quiero destacar el trato recibido por el departamento de ventas en mi reciente compra. Fueron muy atentos, pacientes y me brindaron asesoría personalizada para elegir exactamente lo que necesitaba. ¡Enhorabuena por vuestro equipo y gracias por tan excelente servicio!","positivo","baja","otro"
"Lanzamiento especial nueva línea de productos ecológicos","Te invitamos a conocer nuestra nueva línea de productos ecológicos y sostenibles. Asiste a la presentación exclusiva y disfruta de descuentos especiales por tu asistencia. Confirma tu presencia cuanto antes, ¡te esperamos!","positivo","media","comercial"
"Dificultades para realizar reserva en la aplicación","Buenas tardes, llevo varios días intentando hacer una reserva mediante vuestra aplicación móvil, pero cada vez que llego al paso final la aplicación se bloquea. He probado en distintos dispositivos y ocurre el mismo problema. Necesito solucionar esto cuanto antes para asegurar mi reserva.","negativo","alta","queja"
"Agradecimiento por gestión de garantía","Quiero agradecer al equipo de servicio técnico por la excelente gestión realizada con la garantía de mi televisor. La atención fue rápida, clara y eficiente, solucionando completamente el inconveniente que tenía. Gracias nuevamente por vuestra dedicación.","positivo","baja","otro"
"Promoción especial en planes familiares","Contrata hoy mismo uno de nuestros planes familiares y recibe los primeros tres meses totalmente gratis. Esta oferta está disponible por tiempo limitado, así que aprovecha para cuidar de los tuyos con las mejores condiciones del mercado.","positivo","media","comercial"
"Falta de respuesta sobre consulta realizada","Buenas tardes, escribí hace una semana consultando acerca de la compatibilidad de una pieza específica para mi vehículo y aún no recibo respuesta. Esta demora afecta directamente mi planificación de mantenimiento. Solicito una respuesta lo antes posible.","negativo","media","queja"
"Queja por producto dañado en envío","Buenos días, acabo de recibir mi pedido y he comprobado que uno de los artículos llegó dañado debido a un embalaje deficiente. Es la segunda vez que ocurre algo similar con vuestros envíos. Solicito la reposición inmediata del producto o un reembolso urgente.","negativo","alta","queja"
"Invitación exclusiva a programa de fidelización","Gracias a tu fidelidad, te invitamos a formar parte de nuestro nuevo programa de recompensas, donde podrás acumular puntos con cada compra y canjearlos por descuentos especiales. ¡Regístrate ya y comienza a disfrutar de estos beneficios exclusivos!","positivo","media","comercial"
"Reconocimiento al equipo de soporte informático","Escribo para destacar la gran labor realizada por vuestro equipo de soporte informático. Ante una situación crítica en nuestra red interna, reaccionaron con rapidez y solucionaron el problema en tiempo récord, minimizando notablemente las consecuencias para nuestra empresa. Muchas gracias.","positivo","baja","otro"
"Demora en la activación del servicio contratado","Estimados, contraté vuestro servicio premium hace más de 72 horas y aún no se encuentra activado en mi cuenta. He llamado varias veces y únicamente recibo respuestas evasivas. Necesito la activación inmediata del servicio, ya que está retrasando actividades esenciales para mi trabajo.","negativo","alta","queja"
"Agradecimiento especial al equipo comercial","Hola, quiero expresar mi total satisfacción con la asesoría recibida por el equipo comercial en mi última compra. Su paciencia, conocimiento y buena disposición hicieron que encontrara exactamente lo que necesitaba. Sin duda volveré a comprar con ustedes. Gracias por tan excelente atención.","positivo","baja","otro"
"Consulta sobre requisitos para apertura de cuenta","Buenos días, estoy interesado en abrir una cuenta bancaria con ustedes, pero antes necesito información detallada sobre los requisitos, documentación necesaria, beneficios específicos y comisiones aplicables. Agradecería una respuesta clara y rápida para tomar una decisión informada.","neutro","media","solicitud"
"Descuentos exclusivos por tiempo limitado","Durante esta semana disfruta descuentos exclusivos del 40% en nuestra colección primavera-verano. Además, si compras online recibirás envío gratis. ¡No te pierdas esta gran oportunidad de renovar tu armario con nuestras prendas de alta calidad!","positivo","media","comercial"
"Problemas para descargar mi factura digital","He intentado en múltiples ocasiones descargar la factura digital correspondiente a mi último pedido, pero la página muestra un error constantemente. Esto me impide presentar la factura ante mi empresa. Por favor solucionen este problema a la brevedad posible o envíenme directamente la factura por correo electrónico.","negativo","alta","queja"
"Solicitud de asesoría técnica para proyecto","Buenos días, estoy desarrollando un proyecto que requiere una integración específica con vuestro software. Necesito saber si ofrecen asesoría técnica personalizada para proyectos específicos y cuáles serían los costos y condiciones de este servicio. Espero vuestra pronta respuesta.","neutro","media","solicitud"
"Reconocimiento al departamento de atención telefónica","Me gustaría felicitar al personal del departamento de atención telefónica por su paciencia, eficacia y excelente trato durante mi última consulta. Pudieron resolver mis dudas rápidamente y de manera muy profesional. ¡Gracias por un servicio excepcional!","positivo","baja","otro"
"Oferta especial en seguros de hogar","Contrata hoy tu seguro de hogar y disfruta de 6 meses gratuitos, además de asistencia integral 24/7. Asegura tu tranquilidad y la de tu familia con la protección más completa del mercado. Solicita más información contactando con nuestros asesores especializados.","positivo","media","comercial"
"Insatisfacción por calidad de producto recibido","Lamento informarles que el producto recibido ayer presenta defectos evidentes de fabricación. Esperaba mucho más considerando el prestigio de vuestra marca. Solicito un reemplazo inmediato o la devolución completa del importe pagado, ya que necesito una solución urgente.","negativo","alta","queja"
"Solicitud urgente de cambio de fecha para cita médica","Buenos días, tengo programada una cita médica con ustedes para el próximo martes a las 10:00h, pero por motivos laborales no podré asistir. Necesito urgentemente cambiarla para cualquier día de la semana siguiente. Por favor, confirmen disponibilidad lo antes posible.","neutro","alta","solicitud"
"Queja por errores frecuentes en aplicación bancaria","Escribo para expresar mi frustración con la aplicación móvil del banco. Frecuentemente falla al mostrar movimientos actualizados o realizar transferencias. Esto genera serios inconvenientes al no poder controlar mis finanzas adecuadamente. Solicito que resuelvan esta situación cuanto antes.","negativo","alta","queja"
"Reconocimiento por rapidez en entrega de pedido","Estoy impresionado por la rapidez en la entrega de mi último pedido. Aunque inicialmente me indicaron que llegaría en cinco días hábiles, lo recibí en tan solo dos. Muchas gracias por este excelente servicio, ¡seguiré comprando con ustedes sin duda alguna!","positivo","baja","otro"
"Promoción especial verano en electrodomésticos","Prepárate para el verano con hasta un 30% de descuento en todos nuestros electrodomésticos. Aire acondicionado, refrigeradores, ventiladores y más a precios especiales por tiempo limitado. Visítanos en nuestras tiendas o compra online y aprovecha esta gran oportunidad.","positivo","media","comercial"
"Sugerencia para mejorar la atención telefónica","Buenas tardes, tras varias llamadas al centro de atención telefónica, considero que el tiempo de espera sigue siendo demasiado largo. Sugiero implementar un sistema de callback para evitar esperas prolongadas y mejorar así la experiencia del cliente. Gracias por considerarlo.","neutro","baja","otro"
"Consulta sobre disponibilidad de piezas originales","Hola, necesito verificar la disponibilidad de piezas originales para mi vehículo modelo VX-500 del año 2018, específicamente filtro de aceite, bujías y pastillas de freno. Agradecería una respuesta rápida para coordinar el mantenimiento adecuado del coche.","neutro","media","solicitud"
"Problemas con el servicio técnico contratado","Llevo más de una semana esperando a que vuestro servicio técnico solucione el problema con mi equipo de climatización. No han cumplido con ninguna de las fechas prometidas y cada día que pasa la situación empeora. Exijo una solución inmediata y definitiva.","negativo","alta","queja"
"Agradecimiento personal por servicio excepcional","Solo quería tomar un momento para agradecerles el excelente servicio recibido durante mi visita al taller el día de ayer. El personal fue extremadamente amable, resolvieron mi problema rápidamente y quedé completamente satisfecho. ¡Enhorabuena por su gran trabajo!","positivo","baja","otro"
"Invitación especial a clientes VIP","Como cliente preferente, estás invitado a nuestra próxima venta privada, donde podrás disfrutar de ofertas exclusivas antes que nadie. Ven y aprovecha descuentos increíbles reservados especialmente para nuestros clientes VIP. ¡No faltes!","positivo","media","comercial"
"Error grave en cobro domiciliado","Buenos días, he notado un error grave en el cobro domiciliado realizado este mes, donde se me ha cargado una cantidad considerablemente mayor a la habitual. Exijo la revisión inmediata y devolución urgente del importe incorrecto. Espero vuestra rápida respuesta para resolver esta situación.","negativo","alta","queja"
"Agradecimiento especial al soporte técnico online","Quiero dar las gracias al soporte técnico online por resolver rápidamente mi consulta relacionada con la configuración del router. El agente que me atendió fue paciente, claro y resolvió perfectamente mi problema en pocos minutos. Gracias nuevamente por vuestra eficacia.","positivo","baja","otro"
"Oferta exclusiva renovación de suscripción","¡Renueva tu suscripción hoy mismo y obtén un 25% de descuento adicional durante los próximos 6 meses! Continúa disfrutando de todos los beneficios exclusivos que ofrecemos solo a nuestros clientes fieles.","positivo","media","comercial"
"Problemas para activar mi tarjeta de crédito","He recibido recientemente mi tarjeta de crédito y he seguido todos los pasos indicados para activarla, pero el sistema continúa indicando error. Necesito que me ayuden urgentemente con esta activación, ya que dependo de la tarjeta para realizar pagos importantes.","negativo","alta","queja"
"Solicitud de información sobre curso online","Estoy interesado en el curso online de desarrollo web anunciado en vuestra plataforma educativa, pero necesito más información sobre la estructura, contenido específico, duración real y certificación final. Agradeceré una respuesta completa y detallada.","neutro","media","solicitud"
"Felicitación por la organización del seminario","Quisiera felicitarles sinceramente por la excelente organización del seminario realizado el pasado jueves. Las ponencias fueron muy interesantes y enriquecedoras, además la puntualidad y logística fueron impecables. Seguiré atento a futuras actividades.","positivo","baja","otro"
"Promoción exclusiva nueva colección deportiva","Lanzamos nuestra nueva colección deportiva con descuentos especiales hasta del 35%. Además, por compras superiores a 50 euros recibirás un regalo exclusivo. ¡Corre y aprovecha esta oportunidad única para equiparte con lo último en moda deportiva!","positivo","media","comercial"
"Queja formal por pésima atención telefónica","Llamé ayer a vuestro centro de atención telefónica y la persona que me atendió mostró una actitud completamente inapropiada e irrespetuosa. Considero esto inaceptable y exijo que se tomen las medidas necesarias para evitar que situaciones así vuelvan a repetirse.","negativo","alta","queja"
"Solicitud de ampliación del plazo de pago","Estimados, debido a circunstancias imprevistas necesito solicitar una ampliación de cinco días en el plazo de pago de mi factura mensual. Les agradecería mucho que consideraran esta petición excepcional. Quedo pendiente de vuestra confirmación para evitar cualquier inconveniente.","neutro","media","solicitud"
"Error crítico en aplicación tras última actualización","Desde la última actualización, vuestra aplicación se cierra inesperadamente en múltiples ocasiones, especialmente al intentar acceder al historial de transacciones. Esto está generando problemas constantes en mis tareas diarias. Solicito una solución inmediata.","negativo","alta","queja"
"Agradecimiento especial al personal de atención presencial","Quisiera felicitar y agradecer al personal que me atendió presencialmente en vuestra oficina el día de ayer. Fueron sumamente amables y resolvieron todas mis dudas con rapidez y profesionalismo. Es un placer recibir este nivel de atención.","positivo","baja","otro"
"Ofertas especiales por aniversario","Este mes celebramos nuestro 10º aniversario y queremos festejar contigo ofreciendo descuentos únicos en toda nuestra tienda. Aprovecha hasta un 50% de descuento en productos seleccionados solo durante esta semana. ¡Te esperamos!","positivo","media","comercial"
"Queja por falta de respuesta a correo anterior","Hace ya diez días envié una consulta urgente sobre el estado de mi reclamación y todavía no recibo respuesta alguna. Considero inaceptable esta falta de comunicación y exijo una aclaración inmediata sobre el estado de mi caso.","negativo","alta","queja"
"Felicidades por la atención brindada en taller","Agradezco sinceramente la excelente atención brindada por el personal del taller mecánico durante mi última visita. Fueron muy detallistas, transparentes en las explicaciones y resolvieron los problemas en mi vehículo rápidamente. ¡Excelente trabajo!","positivo","baja","otro"
"Promoción especial de fidelización","Como agradecimiento a tu preferencia, te otorgamos un bono especial del 15% para tu próxima compra en nuestra tienda. Activa tu código promocional ingresando a tu cuenta y úsalo antes del próximo domingo. ¡Gracias por seguir con nosotros!","positivo","media","comercial"
"Falla reiterada en sistema de facturación online","Buenos días, nuevamente presento problemas para emitir facturas desde vuestro sistema online. Este inconveniente es recurrente y me está generando retrasos constantes en mis labores administrativas. Necesito que se solucione con carácter de urgencia.","negativo","alta","queja"
"Consulta general sobre servicio técnico","He tenido pequeñas dificultades técnicas últimamente. No son críticas, pero agradecería saber si son comunes o si debería preocuparme.","neutro","baja","solicitud"
"Satisfacción relativa con atención recibida","Hola equipo, me atendieron rápidamente, aunque sentí que la solución ofrecida no fue completamente clara. Aun así, gracias por intentarlo.","neutro","baja","otro"
"Opinión sobre producto nuevo","He probado vuestro producto y aunque no estoy totalmente convencido, tampoco puedo decir que sea malo. Quizás esperaba algo más.","neutro","baja","otro"
"Interés por promociones recibidas","Me enviaron promociones interesantes recientemente, pero la información no es clara sobre cómo aplicarlas a mis próximas compras.","neutro","media","comercial"
"Duda sobre cargos menores en factura","He notado un pequeño cargo adicional en mi factura, aunque es muy poco dinero. ¿Podrían aclararme rápidamente de qué se trata?","neutro","baja","solicitud"
"Factura recibida con diferencias","Recibí la factura de este mes y he notado que los valores no coinciden exactamente con lo que esperaba. No estoy seguro si es un error o hay algún cambio reciente que desconozco.","neutro","media","solicitud"
"Recomendación de producto","Me recomendaron vuestro producto y estoy evaluando si vale la pena cambiarme desde el que uso actualmente. ¿Tienen alguna guía comparativa?","neutro","baja","comercial"
"Entrega parcial del pedido","Recibí parte de mi pedido esta mañana. El resto no ha llegado aún, pero quizás viene en otro paquete. ¿Me lo pueden confirmar?","neutro","media","solicitud"
"Acceso limitado a funciones premium","Al intentar usar algunas funciones premium me sale un aviso de restricción. No sé si es un fallo o si cambiaron las condiciones de acceso. Agradezco su aclaración.","neutro","media","queja"
"Recordatorio sobre vencimiento","Vi que mi suscripción vence pronto. Aún estoy decidiendo si renovar o no, ya que últimamente no la he aprovechado mucho.","neutro","baja","otro"
"Error en facturación mensual","He revisado mi factura de este mes y encuentro varios cargos duplicados que no corresponden a servicios contratados. Esta situación se repite constantemente y estoy cansado de tener que estar verificando cada mes. Necesito una explicación detallada y la corrección inmediata de estos errores.","negativo","alta","queja"
"Producto recibido en mal estado","El artículo que pedí llegó completamente dañado y en un empaque deteriorado. Es evidente que no se tuvo el cuidado necesario durante el envío. Esto es inaceptable considerando el precio que pagué. Exijo una solución inmediata.","negativo","alta","queja"
"Muy decepcionado con el servicio","Después de años siendo cliente leal, el servicio ha empeorado considerablemente. Los tiempos de respuesta son lentos, la atención es deficiente y los problemas nunca se resuelven completamente. Estoy considerando seriamente cambiar de proveedor.","negativo","media","queja"
"Cancelación inmediata de servicio","Debido a los constantes problemas y la pésima atención recibida, solicito la cancelación inmediata de todos mis servicios. No deseo continuar con esta relación comercial que solo me ha generado inconvenientes y pérdidas de tiempo.","negativo","alta","otro"
"Retraso inexcusable en proyecto","El proyecto que contratamos tiene un retraso de más de dos meses sin justificación válida. Esta demora está afectando gravemente nuestras operaciones comerciales y generando pérdidas económicas importantes. La situación es completamente inaceptable.","negativo","alta","queja"
"Cobro indebido en mi cuenta","Detecté un cargo no autorizado en mi cuenta por servicios que nunca contraté. He intentado contactar con ustedes múltiples veces sin obtener respuesta satisfactoria. Esta situación me genera mucha preocupación y desconfianza.","negativo","alta","queja"
"Garantía no respetada","Hace tres meses que mi producto se averió y está en garantía, pero aún no recibo solución. Cada vez que llamo me dan excusas diferentes y nadie se hace responsable. Esto es una falta de respeto total hacia el cliente.","negativo","media","queja"
"Personal poco profesional","El trato recibido por parte de su personal ha sido grosero e irrespetuoso. Cuando un cliente solicita ayuda, espera ser tratado con cortesía y profesionalismo, no con desdén y mala actitud.","negativo","media","queja"
"Publicidad engañosa","Los productos recibidos no coinciden en absoluto con lo anunciado en su página web. Las especificaciones son falsas y las imágenes no representan la realidad. Esto constituye publicidad engañosa y me siento estafado.","negativo","alta","queja"
"Servicio técnico incompetente","El técnico que enviaron no logró solucionar el problema y además causó daños adicionales al equipo. Su falta de conocimiento es evidente y ahora tengo más problemas que al inicio.","negativo","alta","queja"
"Horarios de atención inadecuados","Es imposible contactar con ustedes en horarios razonables. Siempre está ocupado o fuera de servicio cuando necesito asistencia urgente. Un servicio al cliente debe estar disponible cuando el cliente lo necesita.","negativo","media","otro"
"Política de devoluciones abusiva","Sus políticas de devolución son extremadamente restrictivas e injustas para el consumidor. Ponen trabas innecesarias y hacen casi imposible ejercer derechos básicos como cliente. Esto debe cambiar.","negativo","media","queja"
"URGENTE: Sistema de seguridad comprometido","Hemos detectado una brecha de seguridad en nuestro sistema que requiere atención inmediata. Los datos de nuestros clientes podrían estar en riesgo. Necesitamos que su equipo técnico nos contacte en las próximas horas para implementar las medidas correctivas necesarias.","negativo","alta","solicitud"
"Emergencia: Falla crítica en servidor principal","Nuestro servidor principal ha colapsado completamente afectando a todos nuestros servicios. Necesitamos soporte técnico urgente para restablecer las operaciones. Cada minuto de inactividad nos está generando pérdidas significativas.","negativo","alta","solicitud"
"CRÍTICO: Vencimiento de certificados mañana","Los certificados de seguridad de nuestra plataforma vencen mañana y aún no hemos recibido las renovaciones solicitadas hace semanas. Esto paralizará completamente nuestros servicios web. Requiero una solución inmediata.","neutro","alta","solicitud"
"Accidente laboral - Seguro médico urgente","Uno de nuestros empleados ha sufrido un accidente laboral y necesita atención médica inmediata. Requerimos la activación urgente de la póliza de seguro correspondiente y autorización para los tratamientos necesarios.","neutro","alta","solicitud"
"Orden judicial - Información requerida HOY","Por orden del juzgado debemos entregar información específica antes de las 18:00 horas de hoy. Necesitamos acceder urgentemente a los registros de transacciones del mes pasado. Es un requerimiento legal ineludible.","neutro","alta","solicitud"
"Cierre inmediato por inspección sanitaria","Las autoridades sanitarias han ordenado el cierre temporal de nuestras instalaciones. Necesitamos implementar las medidas correctivas de forma inmediata para poder reabrir. Cada día cerrado representa pérdidas millonarias.","negativo","alta","otro"
"Robo de mercancía - Reclamo de seguro urgente","Durante la madrugada sufrimos un robo importante de mercancía valorada en más de 50.000 euros. Necesitamos iniciar el proceso de reclamación al seguro de forma inmediata y contar con su asesoría para los trámites policiales.","negativo","alta","solicitud"
"Empleado hospitalizado - Cobertura médica","Nuestro director general ha sido hospitalizado de emergencia y necesita cirugía inmediata. Requerimos activar urgentemente toda la cobertura médica disponible y autorización para los procedimientos médicos necesarios.","neutro","alta","solicitud"
"Incendio en almacén - Evaluación urgente","Un incendio en nuestro almacén principal ha destruido gran parte del inventario. Necesitamos que un perito evalúe los daños urgentemente para iniciar el proceso de reclamación al seguro. Cada hora cuenta.","negativo","alta","solicitud"
"Demanda judicial - Asesoría legal inmediata","Hemos recibido una demanda judicial que requiere respuesta en 48 horas. Necesitamos asesoría legal urgente para preparar nuestra defensa y evitar consecuencias graves para la empresa.","neutro","alta","solicitud"
"Contaminación ambiental - Limpieza urgente","Se ha producido un derrame de sustancias químicas en nuestras instalaciones. Necesitamos un equipo especializado en limpieza ambiental de forma inmediata para cumplir con las normativas y evitar sanciones.","negativo","alta","solicitud"
"Falla eléctrica total - Generador de emergencia","Todo nuestro sistema eléctrico ha fallado y necesitamos un generador de emergencia urgentemente. Tenemos productos perecederos que se perderán si no restablecemos la energía en las próximas horas.","neutro","alta","solicitud"
"Hackeo de base de datos - Respuesta inmediata","Hemos sido víctimas de un ciberataque que ha comprometido nuestra base de datos. Necesitamos un equipo de ciberseguridad que nos ayude a contener el ataque y evaluar el alcance del daño de forma inmediata.","negativo","alta","solicitud"
"Vencimiento de licencia operativa HOY","Nuestra licencia operativa vence hoy y sin ella no podemos continuar funcionando legalmente. A pesar de haber iniciado el trámite hace meses, aún no tenemos respuesta. Necesitamos una solución urgente.","neutro","alta","solicitud"
"Intoxicación alimentaria - Cierre preventivo","Varios clientes han reportado intoxicación alimentaria tras consumir nuestros productos. Hemos decidido cerrar preventivamente y necesitamos una auditoría sanitaria urgente para identificar y solucionar el problema.","negativo","alta","otro"
"Sugerencia para mejorar la web","He notado que su página web podría beneficiarse de algunas mejoras menores en la navegación. Nada urgente, pero creo que podría hacer la experiencia de usuario más fluida. Si les interesa, puedo compartir algunas ideas específicas.","neutro","baja","otro"
"Felicitaciones por el nuevo producto","Quería expresar mi satisfacción con el nuevo producto que han lanzado. La calidad es excelente y cumple perfectamente con mis expectativas. Seguiré siendo cliente fiel de su marca.","positivo","baja","otro"
"Consulta sobre horarios de verano","Me gustaría saber si durante los meses de verano modificarán los horarios de atención al público. No es urgente, simplemente para poder planificar mejor mis visitas a sus instalaciones.","neutro","baja","solicitud"
"Agradecimiento por la atención telefónica","Llamé la semana pasada para hacer una consulta menor y la persona que me atendió fue muy amable y profesional. Solo quería agradecer la buena atención recibida.","positivo","baja","otro"
"Información sobre cursos para el próximo año","Estoy interesado en conocer qué cursos de formación ofrecerán el próximo año. No tengo prisa, pero me gustaría ir considerando opciones para mi desarrollo profesional.","neutro","baja","solicitud"
"Comentario sobre el nuevo diseño","Me gusta mucho el nuevo diseño de sus instalaciones. Se ve muy moderno y acogedor. Felicitaciones por la renovación, realmente mejora la experiencia del cliente.","positivo","baja","otro"
"Consulta sobre política de descuentos","Me gustaría conocer si manejan algún tipo de descuento por volumen de compras. No es algo inmediato, solo para considerar futuras adquisiciones más grandes.","neutro","baja","solicitud"
"Sugerencia para eventos futuros","El evento que organizaron el mes pasado estuvo muy bien. Para futuras ocasiones, tal vez podrían considerar incluir más tiempo para networking. Solo es una sugerencia para mejorar.","neutro","baja","otro"
"Testimonio sobre su servicio","Llevo años siendo cliente y siempre he recibido un servicio de calidad. Quería que supieran que valoro mucho la consistencia y profesionalismo de su equipo a lo largo del tiempo.","positivo","baja","otro"
"Pregunta sobre compatibilidad de productos","Tengo un producto de otra marca y me pregunto si sería compatible con algunos de sus accesorios. No hay prisa, solo curiosidad para futuras compras.","neutro","baja","solicitud"
"Felicitaciones por el aniversario","Me enteré de que celebran su aniversario este mes. Quería felicitarlos por todos estos años brindando un excelente servicio. Que sigan muchos años más de éxito.","positivo","baja","otro"
"Consulta sobre garantía extendida","Para futuras compras me gustaría saber qué opciones de garantía extendida manejan. No es para nada inmediato, solo para tener la información cuando la necesite.","neutro","baja","solicitud"
"Comentario sobre la nueva aplicación","He estado probando su nueva aplicación móvil y funciona muy bien. La interfaz es intuitiva y fácil de usar. Buen trabajo al equipo de desarrollo.","positivo","baja","otro"
"Información sobre programa de referidos","Me gustaría saber si tienen algún programa de referidos para clientes. Tengo algunos conocidos que podrían estar interesados en sus servicios.","neutro","baja","solicitud"
"Agradecimiento por el manual de usuario","El manual que incluyeron con el producto está muy bien explicado y es fácil de seguir. Se nota el cuidado en los detalles. Gracias por facilitar el uso del producto.","positivo","baja","otro"
"Pregunta sobre disponibilidad futura","¿Tienen planes de expandir su catálogo de productos en el futuro cercano? Me interesa estar al tanto de las novedades que puedan lanzar.","neutro","baja","solicitud"
"Sugerencia para mejorar el packaging","El producto llegó en perfectas condiciones, pero creo que podrían usar materiales más ecológicos para el empaque. Es solo una sugerencia pensando en el medio ambiente.","neutro","baja","otro"
"Consulta sobre métodos de pago","Para futuras compras me gustaría saber si aceptan nuevos métodos de pago digitales. No es urgente, solo para conocer las opciones disponibles.","neutro","baja","solicitud"
"Felicitaciones por el equipo de ventas","El vendedor que me atendió la semana pasada fue muy profesional y conocedor del producto. Quería destacar la calidad humana de su equipo comercial.","positivo","baja","otro"
"Información sobre tendencias del sector","Me interesa conocer su opinión sobre las tendencias futuras en el sector. No es algo urgente, simplemente curiosidad profesional.","neutro","baja","solicitud"
"Comentario sobre la limpieza de las instalaciones","Cada vez que visito sus oficinas noto lo bien cuidadas y limpias que están. Es un detalle que se aprecia y habla bien de su organización.","positivo","baja","otro"
"Pregunta sobre historia de la empresa","Me gustaría conocer más sobre la historia y fundación de su empresa. Es solo curiosidad, me parece interesante conocer los orígenes de las empresas con las que trabajo.","neutro","baja","solicitud"
"Oferta especial fin de temporada","¡Últimas semanas de nuestra gran liquidación de temporada! Aprovecha descuentos de hasta 50% en toda nuestra colección. Envío gratuito en compras superiores a 50 euros. ¡No dejes pasar esta oportunidad única!","positivo","media","comercial"
"Nuevo catálogo primavera-verano","Ya está disponible nuestro nuevo catálogo con las últimas tendencias para la temporada primavera-verano. Descubre colores vibrantes, diseños innovadores y productos exclusivos que no encontrarás en otro lugar.","positivo","media","comercial"
"Programa de fidelización mejorado","Hemos mejorado nuestro programa de puntos para ofrecerte mayores beneficios. Ahora acumulas el doble de puntos por cada compra y puedes canjearlos por descuentos inmediatos. ¡Regístrate ya!","positivo","media","comercial"
"Financiación sin intereses disponible","Compra ahora y paga después sin intereses. Ofrecemos planes de financiación de 3, 6 y 12 meses sin comisiones ni intereses adicionales. Haz realidad tus proyectos sin esperar.","neutro","media","comercial"
"Lanzamiento producto revolucionario","Te presentamos nuestra última innovación que cambiará tu forma de trabajar. Tecnología de vanguardia, diseño ergonómico y funcionalidades únicas. Sé de los primeros en probarlo con precio de lanzamiento especial.","positivo","media","comercial"
"Black Friday anticipado para clientes VIP","Como cliente VIP tienes acceso exclusivo a nuestras ofertas de Black Friday una semana antes que el público general. Descuentos de hasta 70% en productos seleccionados. ¡Compra ya antes de que se agoten!","positivo","media","comercial"
"Webinar gratuito sobre tendencias del sector","Únete a nuestro webinar gratuito donde expertos del sector compartirán las últimas tendencias y oportunidades de negocio. Incluye material descargable y sesión de preguntas y respuestas. Inscríbete gratis.","neutro","media","comercial"
"Solicitud de cotización para equipamiento","Buenos días, estamos interesados en renovar nuestro equipamiento de oficina y necesitamos una cotización detallada para 20 puestos de trabajo incluyendo escritorios, sillas ergonómicas y equipos informáticos. Agradecemos su propuesta comercial.","neutro","media","solicitud"
"Información sobre cursos de certificación","Estimados, nuestro equipo de trabajo necesita certificarse en las últimas normativas del sector. Requerimos información sobre cursos disponibles, fechas, costos y metodología de evaluación. Gracias anticipadas.","neutro","media","solicitud"
"Solicitud de extensión de plazo","Debido a circunstancias imprevistas, necesitamos solicitar una extensión de 15 días en el plazo de entrega del proyecto. Entendemos que esto puede causar inconvenientes y estamos dispuestos a negociar las condiciones.","neutro","alta","solicitud"
"Petición de reunión con equipo directivo","Solicitamos agendar una reunión con su equipo directivo para presentar una propuesta de colaboración estratégica que consideramos beneficiosa para ambas partes. Estamos disponibles la próxima semana.","neutro","media","solicitud"
"Solicitud de muestras para evaluación","Estamos evaluando proveedores para nuestro próximo proyecto y nos gustaría recibir muestras de sus productos para realizar las pruebas correspondientes. Adjuntamos las especificaciones técnicas requeridas.","neutro","baja","solicitud"
"Newsletter semanal con ofertas exclusivas","¡No te pierdas nuestro newsletter semanal! Cada martes recibirás ofertas exclusivas, novedades de productos y consejos útiles directamente en tu email. Suscríbete ahora y obtén un 10% de descuento en tu primera compra.","positivo","baja","comercial"
"Descuento especial por renovación","Como cliente fiel, queremos premiarte con un descuento especial del 15% en la renovación de tu contrato anual. Esta oferta es válida solo hasta fin de mes. Aprovecha esta promoción exclusiva para clientes como tú.","positivo","media","comercial"
"Invitación a showroom de nuevos productos","Te invitamos cordialmente a visitar nuestro showroom donde podrás conocer en persona toda nuestra nueva línea de productos. Agenda tu cita y ven acompañado, habrá refreshments y regalos sorpresa para todos los asistentes.","positivo","baja","comercial"
"Liquidación de stock - Precios únicos","Gran liquidación de fin de temporada con precios irrepetibles. Stock limitado de productos de alta calidad con descuentos de hasta 60%. Primera semana de enero únicamente. ¡Las mejores marcas a precios de outlet!","positivo","media","comercial"
"Programa de referidos - Gana con tus amigos","Presenta a tus amigos y familiares y gana créditos por cada nueva suscripción. Por cada referido que se registre, tú recibes 25 euros en crédito para usar en cualquier compra. Sin límite de referidos.","positivo","media","comercial"
"Curso gratuito: Maximiza tu productividad","Inscríbete gratis a nuestro curso online sobre productividad empresarial. 4 sesiones de 2 horas cada una, certificado incluido. Aprende técnicas probadas de los mejores consultores del sector. Plazas limitadas.","neutro","baja","comercial"
"Prueba gratuita de 30 días - Sin compromiso","Prueba nuestro servicio premium completamente gratis durante 30 días. Sin permanencia, sin letra pequeña. Si no quedas satisfecho, cancela cuando quieras. Incluye todas las funcionalidades premium sin restricciones.","neutro","media","comercial"
"Oferta especial Día de la Madre","Celebra el Día de la Madre con nuestros packs especiales diseñados especialmente para la ocasión. Envío gratuito, envoltorio de regalo incluido y tarjeta personalizada. Haz de este día algo realmente especial.","positivo","media","comercial"
"Webinar exclusivo sobre tendencias 2024","Únete a nuestro webinar exclusivo donde expertos internacionales compartirán las principales tendencias para 2024. Sesión de networking virtual incluida. Regístrate gratis y recibe el material de apoyo en PDF.","neutro","baja","comercial"
"Membresía premium con beneficios exclusivos","Únete a nuestro club premium y disfruta de envíos express gratuitos, soporte prioritario 24/7, descuentos especiales en productos seleccionados y acceso anticipado a lanzamientos. Primera cuota 50% descuento.","positivo","media","comercial"
"Concurso: Gana un viaje para dos personas","Participa en nuestro concurso de aniversario y gana un viaje todo incluido para dos personas al destino de tu elección. Solo tienes que seguirnos en redes sociales y compartir tu experiencia con nosotros. ¡Suerte!","positivo","baja","comercial"
"Bundle especial: 3 productos por el precio de 2","Oferta limitada: llévate 3 productos de nuestra línea bestseller por el precio de solo 2. Perfecta combinación de calidad y precio. Ideal para empresas que buscan equipar múltiples oficinas o departamentos.","positivo","media","comercial"
"Recordatorio: Tu descuento caduca mañana","Te recordamos que tu descuento especial del 20% caduca mañana a medianoche. No dejes pasar esta oportunidad única de adquirir los productos que tienes en tu lista de deseos con un precio excepcional.","neutro","media","comercial"
"Servicio técnico deficiente - Requiero solución inmediata","Estoy extremadamente molesto con el pésimo servicio que he recibido. Llevo 3 días sin internet y nadie me da una solución concreta. Esto es inaceptable y necesito que se resuelva HOY mismo. Mi trabajo depende de esta conexión.","negativo","alta","queja"
"URGENTE - Producto defectuoso y mal servicio al cliente","El producto que compré llegó dañado y cuando llamé para reclamar me trataron de manera muy grosera. Exijo una solución inmediata y una compensación por las molestias causadas. Esto es inadmisible.","negativo","alta","queja"
"Cobro indebido - Exijo devolución inmediata","Me han cobrado servicios que nunca contraté. Esto es un fraude y necesito que me devuelvan mi dinero ahora mismo. Estoy muy decepcionado con esta empresa y su falta de transparencia.","negativo","alta","queja"
"Falla crítica del sistema - Perdí información importante","Su sistema falló y perdí datos críticos de mi trabajo. Esto me ha causado pérdidas económicas significativas. Necesito una solución urgente y una explicación de cómo van a compensar este daño.","negativo","alta","queja"
"Personal poco profesional - Trato discriminatorio","El empleado que me atendió mostró una actitud discriminatoria e irrespetuosa que es completamente inaceptable. Exijo que se tomen medidas disciplinarias inmediatas contra esta persona. Esto no puede volver a suceder.","negativo","alta","queja"
"Retraso excesivo en entrega - Cliente muy molesto","Prometieron entregar mi pedido hace una semana y sigo sin recibirlo. Sus excusas son patéticas y su falta de profesionalismo es evidente. Necesito una solución ahora o cancelaré definitivamente mi pedido.","negativo","alta","queja"
"Facturación incorrecta por tercer mes consecutivo","Por tercera vez consecutiva recibo una factura con errores. Esto demuestra la incompetencia total de su departamento contable. Exijo que corrijan todos los errores y me compensen por las molestias.","negativo","alta","queja"
"Sistema de pagos caído - Pérdidas económicas","Su sistema de pagos lleva caído todo el día impidiendo que procese los pagos de mis clientes. Esto me está causando pérdidas económicas directas. Necesito una solución inmediata y compensación.","negativo","alta","queja"
"Cancelación abrupta de servicio sin previo aviso","Cancelaron mi servicio sin avisar previamente, dejándome sin conexión en medio de una presentación importante. Esta falta de profesionalismo es inaceptable y ha dañado mi reputación profesional.","negativo","alta","queja"
"Atención telefónica grosera e incompetente","La persona que me atendió por teléfono fue extremadamente grosera e incompetente. No sabía responder mis preguntas básicas y me colgó sin resolver nada. Exijo hablar con un supervisor inmediatamente.","negativo","alta","queja"
"Aplicación móvil con errores constantes","Su aplicación móvil tiene errores constantes que hacen muy difícil su uso. Es muy frustrante intentar realizar operaciones básicas y que fallen repetidamente. Necesitan mejorar urgentemente la app.","negativo","media","queja"
"Horarios de atención muy limitados","Los horarios de atención son muy limitados y no se ajustan a las necesidades de los clientes. Es frustrante no poder contactarlos cuando se necesita. Deberían ampliar el horario de servicio.","negativo","media","queja"
"Política de devoluciones muy restrictiva","Su política de devoluciones es extremadamente restrictiva y poco favorable para el cliente. Me parece injusta y poco competitiva comparada con otras empresas del sector.","negativo","baja","queja"
"Instalación de emergencia - Corte de suministro eléctrico","Tengo un corte de suministro eléctrico que afecta mi negocio. Necesito una instalación de emergencia lo antes posible para evitar mayores pérdidas. Por favor contacten conmigo inmediatamente.","neutro","alta","solicitud"
"Reparación urgente de equipo crítico","Mi equipo principal de trabajo se ha averiado y necesito una reparación urgente. Sin este equipo no puedo continuar con mis actividades laborales. Requiero asistencia técnica inmediata.","neutro","alta","solicitud"
"Solicitud urgente de documentación legal","Necesito que me proporcionen urgentemente la documentación legal relacionada con mi contrato. La requiero para un trámite que vence mañana y es crítico para mi empresa.","neutro","alta","solicitud"
"Cambio urgente de datos bancarios","Por motivos de seguridad necesito cambiar urgentemente mis datos bancarios en el sistema. Mi cuenta actual ha sido comprometida y debo actualizar la información lo antes posible.","neutro","alta","solicitud"
"Activación inmediata de servicio suspendido","Mi servicio ha sido suspendido por error del sistema. Necesito que lo reactiven inmediatamente porque dependo de él para mi trabajo diario. Ya he verificado que todos mis pagos están al día.","neutro","alta","solicitud"
"Solicitud de reunión urgente con gerencia","Necesito programar una reunión urgente con la gerencia para discutir un tema importante relacionado con mi contrato. Es un asunto que requiere atención inmediata de la alta dirección.","neutro","alta","solicitud"
"Transferencia urgente de servicios","Por mudanza necesito transferir urgentemente todos mis servicios a la nueva dirección. El traslado es inminente y requiero que los servicios estén activos desde el primer día.","neutro","alta","solicitud"
"Solicitud de información técnica especializada","Requiero información técnica detallada sobre las especificaciones de su producto para evaluar su compatibilidad con mi sistema actual. Necesito estos datos para tomar una decisión de compra.","neutro","baja","solicitud"
"Consulta sobre proceso de registro","Me gustaría conocer los pasos exactos para completar el proceso de registro en su plataforma. ¿Podrían enviarme una guía detallada o indicarme dónde puedo encontrar esta información?","neutro","baja","solicitud"
"Solicitud de catálogo de productos","Estoy interesado en conocer su gama completa de productos. ¿Podrían enviarme un catálogo actualizado con precios y especificaciones? Me interesa especialmente la línea premium.","neutro","baja","solicitud"
"Información sobre políticas de empresa","Me gustaría recibir información detallada sobre sus políticas de privacidad, términos de servicio y condiciones generales. Necesito revisar estos documentos antes de proceder con mi solicitud.","neutro","baja","solicitud"
"Consulta sobre compatibilidad de servicios","Tengo dudas sobre si sus servicios son compatibles con mi configuración actual. ¿Podrían proporcionarme información técnica para verificar la compatibilidad antes de contratar?","neutro","baja","solicitud"
"¡Oferta flash de fin de semana!","¡Solo por este fin de semana! Todos nuestros productos electrónicos con descuentos de hasta el 40%. Aprovecha esta oportunidad única y renueva tu tecnología al mejor precio. ¡Las mejores marcas te esperan!","positivo","media","comercial"
"Nueva colección primavera - Descuentos especiales","Te presentamos nuestra nueva colección de primavera con diseños exclusivos y materiales de primera calidad. Como cliente preferencial, tienes acceso a descuentos especiales del 25% en toda la línea.","positivo","media","comercial"
"Liquidación total de inventario","¡Liquidamos todo nuestro inventario de temporada! Precios nunca vistos en productos de alta gama. Esta es tu oportunidad de adquirir artículos premium a precios increíbles. ¡Últimas unidades disponibles!","positivo","media","comercial"
"Programa de puntos y recompensas","Únete a nuestro programa de fidelización y acumula puntos con cada compra. Canjea tus puntos por descuentos, productos gratuitos y beneficios exclusivos. ¡Mientras más compres, más ahorras!","positivo","media","comercial"
"Lanzamiento producto revolucionario","Te presentamos nuestro producto más innovador que revolucionará tu forma de trabajar. Con tecnología de vanguardia y diseño ergonómico, es la herramienta perfecta para profesionales exigentes como tú.","positivo","media","comercial"
"Asistencia técnica lenta","Buenos días, he estado intentando contactar con el soporte técnico desde hace dos días debido a un error en la plataforma, pero no he recibido una solución concreta aún. Me preocupa que esta demora afecte nuestros procesos. Agradecería una pronta respuesta.","negativo","media","queja"
"Solicitud de detalles adicionales para propuesta","Hola, hemos revisado su propuesta y requerimos información adicional sobre tiempos de implementación y condiciones de soporte postventa. Por favor, envíen estos detalles para poder continuar con el análisis.","neutro","media","solicitud"
"Promoción por aniversario disponible solo esta semana","En el marco de nuestro aniversario, estamos ofreciendo descuentos especiales en servicios seleccionados. Esta promoción estará disponible hasta el domingo. Consulta nuestras condiciones en la web o contacta al equipo comercial.","positivo","media","comercial"
"Demora en el cambio de titularidad del servicio","Buenas tardes, solicité el cambio de titularidad de mi contrato hace más de una semana y aún no se ha procesado. Entiendo que estos trámites llevan tiempo, pero agradecería información sobre el estado actual del mismo.","neutro","media","queja"
"Agradecimiento por atención al cliente","Quiero felicitar al equipo de atención al cliente por la paciencia y claridad al resolver mis dudas sobre el nuevo sistema de facturación. El trato fue profesional y resolvieron todo sin demoras excesivas.","positivo","media","otro"
"Consulta sobre facturación de productos recurrentes","Buenas, necesito confirmar si los productos adquiridos bajo suscripción se facturan automáticamente cada mes y si puedo modificar la frecuencia de entrega. Agradezco cualquier detalle adicional.","neutro","media","solicitud"
"Problema con la actualización del software","He intentado actualizar el software a la última versión, pero el proceso se detiene a mitad de camino y no puedo continuar. ¿Podrían indicarme cómo solucionarlo? Es urgente para mi trabajo diario.","negativo","media","queja"
"Solicitud de información sobre nuevas funcionalidades","Hola, he oído que están por lanzar nuevas funcionalidades en su plataforma. ¿Podrían proporcionarme más detalles sobre esto? Me gustaría saber cómo podrían beneficiarme.","neutro","media","solicitud"
"Consulta sobre condiciones de pago","Buenos días, quisiera saber si ofrecen facilidades de pago para empresas que contratan servicios anuales. Me interesa conocer las opciones disponibles y si hay algún descuento por pago anticipado.","neutro","media","solicitud"
"Solicitud de actualización de datos de contacto","Por favor, necesito actualizar mis datos de contacto en su base de datos. Mi número de teléfono ha cambiado y también mi dirección de correo electrónico. Agradezco que me confirmen cuando se haya realizado el cambio.","neutro","baja","solicitud"
"Problemas de acceso a la plataforma","Desde ayer no puedo acceder a la plataforma. Me sale un mensaje de error al intentar iniciar sesión. Esto me está causando retrasos en mi trabajo y necesito que se solucione lo antes posible.","negativo","media","queja"
"Consulta general sobre condiciones de compra","Hola, quisiera saber si tienen políticas especiales para compras pequeñas o si el pedido mínimo es obligatorio. No es urgente, pero agradecería la información cuando puedan.","neutro","baja","solicitud"
"Agradecimiento por envío correcto","He recibido el pedido completo y correctamente embalado. Gracias por la atención. No tengo ninguna incidencia, solo quería dejar constancia.","positivo","baja","otro"
"Duda puntual sobre un cobro menor","Buenas tardes, me aparece un cargo pequeño de 2,50 € que no logro identificar en la factura. No es urgente, pero si pudieran aclararlo se lo agradecería.","neutro","baja","queja"
"Demora moderada en entrega","Buenas tardes, hice un pedido hace una semana y aún no ha sido entregado. Entiendo que puede haber demoras logísticas, pero agradecería una actualización del estado para organizarme.","neutro","media","queja"
"Recomendación general tras uso del servicio","Después de usar su plataforma durante un mes, quería darles algunas recomendaciones para mejorar la experiencia. En general estoy conforme, pero hay detalles que pueden afinarse.","positivo","media","otro"
"Felicitación sin urgencia","Buenas, solo quería agradecerles por la atención brindada. Todo ha ido bien y no tengo quejas. Les deseo buen día.","positivo","baja","otro"
"Comentario informal sobre la app","He probado su aplicación móvil y funciona correctamente. Solo sugeriría mejorar el diseño de la sección de usuario, pero nada grave.","positivo","baja","comercial"
"Felicitación al equipo de soporte","Solo quería felicitar al equipo de soporte técnico por su excelente trato en todo momento. No tengo ninguna duda ni reclamo, simplemente agradecer.","positivo","media","otro"
"Comentario general sobre la web","He notado que su página web ha mejorado en velocidad, lo cual se agradece. No necesito nada, solo quería comentarlo.","neutro","baja","otro"
"Sugerencia para nuevos productos","Sería genial que consideraran vender accesorios ecológicos. Es solo una idea, no es un pedido formal ni urgente.","positivo","baja","otro"
"Requerimiento urgente de factura proforma","Necesito con urgencia una factura proforma para cerrar la compra hoy mismo. Por favor, envíenla cuanto antes.","negativo","alta","solicitud"
"Opinión sobre el nuevo diseño de facturas","Hola, quería comentarles que el nuevo formato de factura me parece más moderno y fácil de leer. No se trata de una solicitud, solo una observación personal.","positivo","baja","otro"
"Agradecimiento informal sin solicitud","Quería dar las gracias por la atención recibida en la última llamada. Todo está resuelto y no necesito ninguna acción adicional.","positivo","baja","otro"
"Consulta informativa sin acción requerida","Estoy revisando las condiciones generales de su servicio y quería confirmar que no hay permanencia. No necesito respuesta urgente, solo confirmar cuando puedan.","neutro","baja","otro"
"Solicitud de información sobre métodos de pago","Buenas tardes, quisiera saber qué métodos de pago aceptan para pedidos mayores a 500€. ¿Podrían indicarme las opciones disponibles?","neutro","media","solicitud"
"Petición de activación de garantía extendida","Hola, necesito activar la garantía extendida del producto adquirido. ¿Cuál es el procedimiento a seguir?","neutro","media","solicitud"
"Reenvío de correo con datos de pedido","Reenvío este correo porque aún no he recibido confirmación del pedido. Por favor, indíquenme si fue procesado correctamente.","negativo","media","solicitud"
"Consulta sobre métodos de pago disponibles","Hola, estoy explorando opciones para hacer una compra más adelante y quería saber qué métodos de pago aceptan. No tengo prisa, es solo para informarme.","neutro","baja","solicitud"
"Opinión sobre experiencia de navegación","Probé su nueva web y me pareció bastante intuitiva. Solo quería compartirlo, no requiere respuesta. Gracias.","positivo","baja","otro"
"Felicitación por atención recibida","Recibí una excelente atención el mes pasado y quería reconocerlo. Sé que no es algo urgente, pero vale la pena mencionarlo.","positivo","baja","otro"
"Duda sobre compatibilidad técnica","Tengo una duda técnica sobre un producto que estoy evaluando, pero aún no voy a comprarlo. Cuando puedan, agradecería algo de orientación.","neutro","baja","solicitud"
"Pequeña confusión con mi perfil","He visto que hay un pequeño error en mi nombre en el perfil. No afecta al uso, pero si pueden corregirlo sería genial.","neutro","baja","solicitud"
"Interés general en próximos lanzamientos","Me interesa estar al tanto de sus próximos productos, pero no tengo intención de comprar aún. ¿Tienen algún boletín?","positivo","baja","comercial"
"Fallo crítico al iniciar sesión en la plataforma","Llevo más de 12 horas sin poder acceder a mi cuenta, lo cual está afectando directamente mi trabajo. Necesito una solución inmediata, por favor.","negativo","alta","queja"
"Entrega urgente no recibida","Contraté envío exprés para hoy antes de las 14h y aún no llega. Esto es inaceptable, necesito que me contacten ya con una solución.","negativo","alta","queja"
"Error al emitir certificado digital","Estoy intentando emitir un certificado que necesito presentar hoy mismo, pero el sistema da error constante. Por favor, resuélvanlo urgentemente.","negativo","alta","solicitud"
"Reclamo por devolución aún no procesada","Han pasado más de 15 días desde que se aprobó mi devolución y todavía no he recibido el dinero. Ya es demasiado tiempo, exijo una solución inmediata.","negativo","alta","queja"
"Datos personales expuestos por error","He recibido un correo con información de otro cliente. Esto es una violación de privacidad muy grave. Necesito una explicación y medidas urgentes.","negativo","alta","queja"
"Acceso bloqueado tras pago confirmado","Acabo de pagar por el servicio premium y aún así no puedo acceder. Esto me está afectando en una reunión importante. Arreglen esto ya.","negativo","alta","solicitud"
"Suspensión inesperada del servicio","Mi servicio fue suspendido sin previo aviso y necesito usarlo ahora mismo. No he recibido ningún mensaje ni explicación. Es urgente que lo reactiven.","negativo","alta","queja"
"Solicitud de baja inmediata del servicio","Por favor, solicito la cancelación total e inmediata de mi cuenta. No deseo que se renueve ni que se me facture nada más. Espero confirmación hoy mismo.","negativo","alta","solicitud"
"Problema grave con la plataforma de pagos","La plataforma de pagos está caída desde hace horas y no puedo procesar mis ventas. Esto me está causando pérdidas significativas. Necesito que lo solucionen de inmediato.","negativo","alta","queja"
"Consulta sobre cobertura de garantía","¿Me podrían confirmar si el producto aún está cubierto por garantía? No es urgente, pero agradecería una respuesta esta semana.","neutro","media","solicitud"
"Duda sobre métodos de pago disponibles","Quisiera saber si aceptan PayPal o solo tarjeta. No tengo prisa, pero agradecería confirmación.","neutro","media","solicitud"
"Solicitud de cambio de dirección de envío","Aún no han enviado el pedido, ¿podrían cambiar la dirección de entrega? Gracias de antemano.","neutro","media","solicitud"
"Estado del reembolso pendiente","Hace unos días se aprobó mi devolución. Solo quería saber si ya está en trámite el reembolso.","neutro","media","queja"
"Consulta sobre políticas de devolución","Estoy considerando devolver un producto y quiero saber si hay algún coste o condición adicional.","neutro","media","solicitud"
"Modificación de datos de facturación","¿Sería posible modificar el NIF en la factura antes de que la emitan? No es urgente.","neutro","media","solicitud"
"Dificultad puntual con el botón de pago","El botón de pago no responde en la web. ¿Hay algún fallo temporal? Puedo intentar más tarde.","neutro","media","queja"
"Confirmación de tiempos de envío","He realizado una compra esta mañana. ¿Podrían indicarme cuándo saldrá el pedido aproximadamente?","neutro","media","solicitud"
"Consulta sobre compatibilidad de producto","Antes de comprar, quiero saber si este accesorio funciona con mi modelo. Agradezco la información.","neutro","media","solicitud"
"Mensaje con errores de stock","Me llegó una alerta diciendo que mi producto está agotado, pero ya lo compré. ¿Pueden confirmar que se envía?","neutro","media","solicitud"
"Consulta sobre productos recomendados","Hola, me gustaría saber qué productos recomiendan para un usuario principiante. No tengo prisa por la respuesta, solo quiero comparar opciones.","neutro","baja","solicitud"
"Agradecimiento por entrega completa","Todo perfecto con mi pedido. Llegó todo completo y a tiempo. Gracias.","positivo","baja","otro"
"Opinión general tras primera compra","He realizado mi primera compra y la experiencia fue bastante buena. No tengo ninguna queja por ahora.","positivo","baja","otro"
"Consulta informal sobre próximos lanzamientos","¿Tienen pensado lanzar nuevos modelos este año? Me interesa estar informado, pero no hay prisa.","neutro","baja","solicitud"
"Sugerencia menor sobre diseño del sitio","Me gusta su página web, aunque creo que el botón de búsqueda podría ser más visible. Solo una idea.","neutro","baja","otro"
"Consulta sobre cambio de plan contratado","Hola, me interesa saber si puedo cambiar de plan a uno superior sin perder los beneficios actuales. Gracias.","neutro","media","solicitud"
"Demora leve en actualización de estado","He notado que mi pedido aún aparece como pendiente de envío tras 3 días. Agradezco que puedan revisar el estado.","neutro","media","queja"
"Petición de confirmación de cita futura","He reservado una cita para la próxima semana y quisiera confirmar que todo está registrado correctamente.","neutro","media","solicitud"
"Consulta técnica sobre integración","Hola, estamos considerando integrar su servicio y quisiéramos saber si es compatible con nuestra plataforma actual. Agradezco su respuesta.","neutro","media","solicitud"
"Solicitud de modificación de pedido","Buenas, acabo de realizar un pedido y me gustaría cambiar un producto antes de que sea enviado. ¿Es posible?","neutro","media","solicitud"